<?xml version="1.0" encoding="UTF-8"?>
<!DOCTYPE beans PUBLIC "-//SPRING//DTD BEAN 2.0//EN"
        "http://www.springframework.org/dtd/spring-beans-2.0.dtd">

<beans default-init-method="myInit" default-destroy-method="cleanUp">
	<bean id="triangle" class="com.tcs.anz.Triangle">
		<property name="points">
			<list>
				<ref bean="pointA" />
				<ref bean="pointB" />
				<ref bean="pointC" />
			</list>
		</property>
	</bean>
	<bean id="pointA" class="com.tcs.anz.Point">
		<property name="x" value="0" />
		<property name="y" value="0" />
	</bean>
	<bean id="pointB" class="com.tcs.anz.Point">
		<property name="x" value="-20" />
		<property name="y" value="0" />
	</bean>
	<bean id="pointC" class="com.tcs.anz.Point">
		<property name="x" value="0" />
		<property name="y" value="20" />
	</bean>
</beans>