<?xml version="1.0" encoding="UTF-8"?>
<!DOCTYPE beans PUBLIC "-//SPRING//DTD BEAN 2.0//EN"
        "http://www.springframework.org/dtd/spring-beans-2.0.dtd">
        
  <beans>
 <bean class="org.springframework.beans.factory.config.PropertyPlaceholderConfigurer">
 	<property name="locations" value="pointsconfig.properties"/>
 </bean>
  <bean id ="parent-triangle1" class="com.tcs.anz.Triangle">
  	<property name="points">
	  	<list>
	  		<ref bean="pointA"/>
	  		<ref bean="pointB"/>
	  		<ref bean="pointC"/>
	  	</list>
  	</property>
  </bean>
  
  <bean id="pointA" class="com.tcs.anz.Point">
 		<property name="x" value="${pointA.pointX}"/>
 		<property name="y" value="${pointA.pointY}"/>
   </bean>
   <bean id="pointB" class="com.tcs.anz.Point">
 		<property name="x" value="${pointB.pointX}"/>
 		<property name="y" value="${pointB.pointY}"/>
   </bean>
 	<bean id="pointC" class="com.tcs.anz.Point">
 		<property name="x" value="${pointC.pointX}"/>
 		<property name="y" value="${pointC.pointY}"/>
 	</bean>
 	<bean id="circle" class="com.tcs.anz.Circle">
 		<property name="center" ref="pointA"/>
 		<property name="radius" value="10"/>
 	</bean>
  </beans>