<?xml version="1.0" encoding="UTF-8"?>

<beans xmlns="http://www.springframework.org/schema/beans"
	xmlns:xsi="http://www.w3.org/2001/XMLSchema-instance"
	xsi:schemaLocation="http://www.springframework.org/schema/beans
		http://www.springframework.org/schema/beans/spring-beans.xsd
		http://www.springframework.org/schema/context
		http://www.springframework.org/schema/context/spring-context-3.0.xsd"
	xmlns:context="http://www.springframework.org/schema/context">


	<bean id="parent-triangle1" class="com.tcs.anz.Triangle">
		<property name="points">
			<list>
				<ref bean="pointA" />
				<ref bean="pointB" />
				<ref bean="pointC" />
			</list>
		</property>
	</bean>

	<bean id="pointA" class="com.tcs.anz.Point">
	<!-- Telling spring to consider this bean -->
		<qualifier value="circleRelated" />
		<property name="x" value="${pointA.pointX}" />
		<property name="y" value="${pointA.pointY}" />
	</bean>
	<bean id="pointB" class="com.tcs.anz.Point">
		<property name="x" value="${pointB.pointX}" />
		<property name="y" value="${pointB.pointY}" />
	</bean>
	<bean id="pointC" class="com.tcs.anz.Point">
		<property name="x" value="${pointC.pointX}" />
		<property name="y" value="${pointC.pointY}" />
	</bean>
	<bean id="circle" class="com.tcs.anz.Circle">
	</bean>

	<bean
		class="org.springframework.beans.factory.annotation.RequiredAnnotationBeanPostProcessor" />
	<bean
		class="org.springframework.beans.factory.config.PropertyPlaceholderConfigurer">
		<property name="locations" value="pointsconfig.properties" />
	</bean>

	<context:annotation-config />
</beans>