<?xml version="1.0" encoding="UTF-8"?>
<!DOCTYPE beans PUBLIC "-//SPRING//DTD BEAN 2.0//EN"
        "http://www.springframework.org/dtd/spring-beans-2.0.dtd">
        
  <beans>
  <bean id ="traingle" name="triangle" class="com.tcs.anz.Triangle">
 	<property name="pointA" ref="zeroPoint"/>
 	<property name="pointB">
 		<bean  class="com.tcs.anz.Point">
		  	<property name="x" value="-20"/>
		  	<property name="y" value="0"/>
		 </bean>
 	</property>
 	<property name="pointC">
 		<bean class="com.tcs.anz.Point">
		  	<property name="x" value="0"/>
		  	<property name="y" value="20"/>
		</bean>
 	</property>
  </bean>
  <alias name="triangle" alias="triangle-alias"/>
  <bean id="zeroPoint" class="com.tcs.anz.Point">
  	<property name="x" value="0"/>
  	<property name="y" value="0"/>
  </bean>
  </beans>