<?xml version="1.0" encoding="UTF-8"?>
<!DOCTYPE beans PUBLIC "-//SPRING//DTD BEAN 2.0//EN"
        "http://www.springframework.org/dtd/spring-beans-2.0.dtd">
        
  <beans>
  <bean id ="triangle" class="com.tcs.anz.Triangle">
 	<property name="points">
 		<list>
 			<bean class="com.tcs.anz.Point">
 		     <property name="x" value="0"/>
 		     <property name="y" value="0"/>
             </bean>
 			<bean class="com.tcs.anz.Point">
 				<property name="x" value="20"/>
 				<property name="y" value="0"/>
 			</bean>
 			<bean class="com.tcs.anz.Point">
 				<property name="x" value="0"/>
 				<property name="y" value="20"/>
 			</bean>
 		</list>
 	</property>
  </bean>
  
  </beans>